[{
  "_id": {
    "$oid": "67cadd00f1d9137dac784265"
  },
  "name": "John Doe",
  "email": "admin@gmail.com",
  "password": "$2b$10$WIqUMZx6cp2wTyEKK.vnFOgZne2pHn6pMP/rU.6A31uJxvtT377X2",
  "image": "https://example.com/johndoe.jpg",
  "createdAt": {
    "$date": "2025-03-07T11:48:15.585Z"
  },
  "updatedAt": {
    "$date": "2025-03-07T11:48:15.585Z"
  },
  "provider": "credentials"
},
{
  "_id": {
    "$oid": "67cadd5aa41af8a8846c9c39"
  },
  "name": "Emran Nazir",
  "email": "emrannazir002@gmail.com",
  "image": "https://lh3.googleusercontent.com/a/ACg8ocKCIfH-Cwqa40vmtXa_wHbM8ArCk4l6rBTmWLq0K0MLfDSDJ04=s96-c",
  "emailVerified": null,
  "createdAt": {
    "$date": "2025-03-07T11:49:45.839Z"
  },
  "updatedAt": {
    "$date": "2025-03-07T11:49:45.839Z"
  },
  "provider": "credentials"
}]